{
  "timestamp": "2025-12-16T02:03:36.799609",
  "total_symbols_screened": 28,
  "total_pairs_found": 6,
  "independent_pairs": 4,
  "pairs": [
    {
      "pair": "XRPUSDT/ASTERUSDT",
      "symbol1": "ASTERUSDT",
      "symbol2": "XRPUSDT",
      "adf_p": 0.011183830283627625,
      "hurst": 0.3287894380509567,
      "half_life": 4.292591179217479,
      "cv": 0.01293477189646851,
      "beta": 1.0707809931951102,
      "correlation": 0.8875628047975784,
      "confidence_score": 0.8930092049023215
    },
    {
      "pair": "LINKUSDT/FARTCOINUSDT",
      "symbol1": "FARTCOINUSDT",
      "symbol2": "LINKUSDT",
      "adf_p": 0.030385921309759163,
      "hurst": 0.43625769548940674,
      "half_life": 9.563903075366476,
      "cv": 0.02872579042119462,
      "beta": 15.533029896221064,
      "correlation": 0.6453198666603199,
      "confidence_score": 0.8483505857029159
    },
    {
      "pair": "WIFUSDT/AAVEUSDT",
      "symbol1": "AAVEUSDT",
      "symbol2": "WIFUSDT",
      "adf_p": 0.0027829750011665955,
      "hurst": 0.4777638630593714,
      "half_life": 3.3324592771508557,
      "cv": 0.034413132016564575,
      "beta": 0.0012935137766727862,
      "correlation": 0.8183637950947898,
      "confidence_score": 0.8452337114767525
    },
    {
      "pair": "WETUSDT/PIPPINUSDT",
      "symbol1": "PIPPINUSDT",
      "symbol2": "WETUSDT",
      "adf_p": 0.016145307579151422,
      "hurst": 0.46918684314637465,
      "half_life": 5.193798992628374,
      "cv": 0.39566238685373956,
      "beta": 0.4340641139756536,
      "correlation": 0.3289499678231054,
      "confidence_score": 0.7340871079683051
    }
  ]
}