{
  "timestamp": "2025-12-16T13:45:56.924750",
  "total_symbols_screened": 26,
  "total_pairs_found": 7,
  "independent_pairs": 4,
  "pairs": [
    {
      "pair": "LINKUSDT/ASTERUSDT",
      "symbol1": "ASTERUSDT",
      "symbol2": "LINKUSDT",
      "adf_p": 0.005315668144396537,
      "hurst": 0.4041728496899688,
      "half_life": 5.489842529260306,
      "cv": 0.027543556150883455,
      "beta": 7.778747145400289,
      "correlation": 0.8851595721164885,
      "confidence_score": 0.8683588109899858
    },
    {
      "pair": "WIFUSDT/AVAXUSDT",
      "symbol1": "AVAXUSDT",
      "symbol2": "WIFUSDT",
      "adf_p": 0.009559336101969811,
      "hurst": 0.41776656442679627,
      "half_life": 4.3319895647053865,
      "cv": 0.0619050019194416,
      "beta": 0.02326329472446609,
      "correlation": 0.8540146548769342,
      "confidence_score": 0.8522747956553407
    },
    {
      "pair": "SOLUSDT/FARTCOINUSDT",
      "symbol1": "FARTCOINUSDT",
      "symbol2": "SOLUSDT",
      "adf_p": 0.026236130313969038,
      "hurst": 0.4990980935620885,
      "half_life": 5.806753563353643,
      "cv": 0.025122461656873034,
      "beta": 180.6629011056973,
      "correlation": 0.8552491594947967,
      "confidence_score": 0.8322393813087239
    },
    {
      "pair": "WETUSDT/BEATUSDT",
      "symbol1": "BEATUSDT",
      "symbol2": "WETUSDT",
      "adf_p": 0.00453528689120015,
      "hurst": 0.4621537632307997,
      "half_life": 3.513868781052951,
      "cv": 0.10431641747819913,
      "beta": 0.01385469829139881,
      "correlation": 0.3485483157317221,
      "confidence_score": 0.8282448310308202
    }
  ]
}